URL,Date,Title,Author,Type,Price,Summary,Publication Year,Language,ISBN,Category,Copyright,Contributors,Pages,Binding,Interior Color,Dimensions,Format,Keywords
https://www.lulu.com//shop/teshome-wasie/nothing-is-impossiblehow-to-attract-anything-you-want-with-the-law-of-attraction/ebook/product-1q2r2257.html?q=teshome,2023-07-05,Nothing is Impossible:How to Attract Anything You Want with the Law of Attraction,Teshome Wasie,Ebook,1.99,"Success is no accident in this life! Do you really know what exactly you want in life? If your answer is no then this book is definitely for you. This book will guide us on how we can determine what exactly what we want in life and a clearly defined road to the realization of our dreams. 

This book is a guide containing SECRET tools and techniques not found in many books that are KEY to empowering you the law of Attraction. This long but revealing book will show you EXACTLY HOW to do it.

If you follow the advice here, and really put it into practice, you WILL get results. Period!
You can find the book in digital or hard copy formats.

Good Luck!",2019,English,9780244453718,Personal Growth,All Rights Reserved - Standard Copyright License,By (author): Teshome Wasie,,,,,PDF,"['secret', 'law attraction', 'key', 'nothing', 'impossible', 'want', 'unlocking', 'positive', 'model', 'rich', 'negative', 'power', 'manifest']"
https://www.lulu.com//shop/teshome-wasie/the-key-to-unlocking-the-law-of-attraction-the-critical-missing-secret-and-model-to-mover-from-nothing-to-everything/paperback/product-12qkmgdp.html?q=teshome,2023-07-05,The Key to Unlocking the Law of Attraction: The Critical Missing Secret and Model to Mover from Nothing to Everything,Teshome Wasie,Paperback,9.28,"Success is no accident in this life! It requires efforts toward on our thinking. Whether you like it or not, what you put into this world, you will get out. There are many factors that determine success, wealth, happiness, and health, in your life. If you want to attract those things in life like health, happiness and wealth, you need to understand and apply “The Law of Attraction”. The SECRET that most of the people who try, will never achieve the positive results based on the law of attraction is because there is a Critical MISSING SECRET element in the law of attraction. This book will reveal this critical missing secret in the process of applying the law of attraction and how it can be successfully used. If you follow the advice here, and really put it into practice, you WILL get results.",2019,English,N/A,Personal Growth,All Rights Reserved - Standard Copyright License,By (author): Teshome Wasie,88,Paperback,Black & White,Digest (5.5 x 8.5 in / 140 x 216 mm),,"['secret', 'law attraction', 'key', 'unlocking', 'model', 'power']"
https://www.lulu.com//shop/teshome-wasie/nothing-is-impossible-how-to-attract-anything-you-want-with-the-law-of-attraction/ebook/product-19eye676.html?q=teshome,2023-07-05,Nothing is Impossible: How to Attract Anything You Want with the Law of Attraction,Teshome Wasie,Ebook,3.00,"Success is no accident in this life! Do you really know what exactly you want in life? If your answer is no then this book is definitely for you. This book will guide us on how we can determine what exactly what we want in life and a clearly defined road to the realization of our dreams. 

This book is a guide containing SECRET tools and techniques not found in many books that are KEY to empowering you the law of Attraction. This long but revealing book will show you EXACTLY HOW to do it.

If you follow the advice here, and really put it into practice, you WILL get results. Period!
You can find the book in digital or hard copy formats.

Good Luck!",2019,English,9780244753771,Personal Growth,All Rights Reserved - Standard Copyright License,By (author): Teshome Wasie,,,,,EPUB,"['secret', 'law attraction', 'key', 'want', 'affirmation', 'anxiety', 'tools', 'techniques', 'rich', 'negative', 'power', 'manifest', 'positive']"
https://www.lulu.com//shop/teshome-wasie/the-key-to-unlocking-the-law-of-attraction-the-critical-missing-secret-and-model-to-move-from-nothing-to-everything/ebook/product-1e5m7mzw.html?q=teshome,2023-07-05,The Key to Unlocking the Law of Attraction: The Critical Missing Secret and Model to Move from Nothing to Everything,Teshome Wasie,Ebook,2.98,"Success is no accident in this life! It requires efforts toward on our thinking. Whether you like it or not, what you put into this world, you will get out. There are many factors that determine success, wealth, happiness, and health, in your life. If you want to attract those things in life like health, happiness and wealth, you need to understand and apply “The Law of Attraction”. The SECRET that most of the people who try, will never achieve the positive results based on the law of attraction is because there is a Critical MISSING SECRET element in the law of attraction. This book will reveal this critical missing secret in the process of applying the law of attraction and how it can be successfully used. If you follow the advice here, and really put it into practice, you WILL get results.",2019,English,9780244451585,Personal Growth,All Rights Reserved - Standard Copyright License,By (author): Teshome Wasie,,,,,EPUB,"['secret', 'law attraction', 'key', 'unlocking', 'positive', 'model', 'rich', 'negative', 'power', 'manifest']"
https://www.lulu.com//shop/teshome-mulat/the-economics-of-the-invisible-global-good-governance-government-and-the-aid-dependent-economy/paperback/product-1e7y64rn.html?q=teshome,2023-07-05,The Economics of the Invisible Global Good-Governance Government and the Aid-Dependent Economy,Teshome Mulat,Paperback,13.16,"Irrespective of source and manner of aid management, any aid received by a non-good-governance government above the food-aid threshold tends to increase transaction cost toward infinity (transaction cost theorem). The donor can reduce the transaction cost or social cost for the aid-recipient by withholding the aid.  Under the new dispensation of the global good-governance government, which came into a clear profile after the global economy meltdown and the environmental crises, that level of food-aid is now unconditionally received as human right. This monograph concludes that of all the major problems global good-governance government is confronted with today, the problem of the aid-dependent economy is perhaps the easiest and the least costly to solve.",2010,English,9780557184927,Business & Economics,All Rights Reserved - Standard Copyright License,By (author): Teshome Mulat,104,Paperback,Black & White,US Trade (6 x 9 in / 152 x 229 mm),,"['Good-governance government', 'aid-dependent economy', 'transaction cost theorem', 'food-aid conditionality', 'private property development']"
https://www.lulu.com//shop/meskerem-w-teshome/melanie/paperback/product-18rg97e8.html?q=teshome,2023-07-05,Melanie,Meskerem W. Teshome,Paperback,14.99,"Melanie Miller never planned to lose her entire life at age seventeen. But when her parents die in a tragic accident, Melanie realizes her life is not hers to control anymore. 

Just days after the accident, Melanie is placed in a group home with strangers. While she struggles to accept the turn her life has suddenly taken, Melanie must grieve the loss of her parents while attempting to convince herself that life will go on, especially after her uncle rejects the idea of becoming her guardian. Now as Melanie’s journey leads her to a new family, she faces more emotional turmoil than she ever imagined as anger, sadness, and confusion bubble to the surface. As Melanie is forced to confront some harsh realizations, she must look within for the answers as her future—and her purpose—wait. 

Melanie shares the poignant tale of a teenager’s challenges after her parents are killed in a car accident and she is left to find her way in an uncertain world.",2016,English,9781483453781,Fiction,All Rights Reserved - Standard Copyright License,By (author): Meskerem W. Teshome,174,Paperback,Black & White,A5 (5.83 x 8.27 in / 148 x 210 mm),,"['Car accident', 'family', 'adjustment', 'friends', 'new beginning', 'social worker', 'new house', 'doubts', 'foster family', 'mixed families', 'troubled', 'driving']"
https://www.lulu.com//shop/teshome-wasie/the-key-to-unlocking-the-law-of-attraction-the-critical-missing-secret-and-model-to-mover-from-nothing-to-everything/ebook/product-1q2r648r.html?q=teshome,2023-07-05,The Key to Unlocking the Law of Attraction: The Critical Missing Secret and Model to Mover from Nothing to Everything,Teshome Wasie,Ebook,2.98,"Success is no accident in this life! It requires efforts toward on our thinking. Whether you like it or not, what you put into this world, you will get out. There are many factors that determine success, wealth, happiness, and health, in your life. If you want to attract those things in life like health, happiness and wealth, you need to understand and apply “The Law of Attraction”. 

The SECRET that most of the people who try, will never achieve the positive results based on the law of attraction is because there is a Critical MISSING SECRET element in the law of attraction. This book will reveal this critical missing secret in the process of applying the law of attraction and how it can be successfully used.

If you follow the advice here, and really put it into practice, you WILL get results. Period!",2019,English,9780244151447,Personal Growth,All Rights Reserved - Standard Copyright License,By (author): Teshome Wasie,,,,,PDF,"['secret', 'law attraction', 'key', 'unlocking', 'model', 'power']"
https://www.lulu.com//shop/teshome-wasie/secrets-to-empower-the-law-of-attraction-key-tools-and-techniques/paperback/product-12qkj656.html?q=teshome,2023-07-05,Secrets to Empower the Law of Attraction: KEY Tools and Techniques,Teshome Wasie,Paperback,9.23,"Success is no accident in this life! It requires efforts toward on our thinking. This book is a guide containing SECRET tools and techniques not found in many books that are KEY to empowering you the law of Attraction. This long but revealing book will show you EXACTLY HOW to do it.
 
If you follow the advice here, and really put it into practice, you WILL get results. Period!
You can find the book in digital or hard copy formats.

Good Luck!",2019,English,N/A,Personal Growth,All Rights Reserved - Standard Copyright License,By (author): Teshome Wasie,88,Paperback,Black & White,Digest (5.5 x 8.5 in / 140 x 216 mm),,"['secret', 'law attraction', 'key', 'empower', 'tools', 'techniques', 'rich', 'negative', 'power', 'manifest', 'positive']"
https://www.lulu.com//shop/teshome-wasie/secrets-to-empower-the-law-of-attraction-key-tools-and-techniques/ebook/product-189vrvdw.html?q=teshome,2023-07-05,Secrets to Empower the Law of Attraction: Key Tools and Techniques,Teshome Wasie,Ebook,1.99,"Success is no accident in this life! It requires efforts toward on our thinking. This book is a guide containing SECRET tools and techniques not found in many books that are KEY to empowering you the law of Attraction. This long but revealing book will show you EXACTLY HOW to do it.

If you follow the advice here, and really put it into practice, you WILL get results. Period!
You can find the book in digital or hard copy formats.

Good Luck!",2019,English,9780244153540,Personal Growth,All Rights Reserved - Standard Copyright License,By (author): Teshome Wasie,,,,,PDF,"['secret', 'law attraction', 'key', 'empower', 'tools', 'techniques', 'rich', 'negative', 'power', 'manifest', 'positive']"
https://www.lulu.com//shop/teshome-wasie/nothing-is-impossible-how-to-attract-anything-you-want-with-the-law-of-attraction/paperback/product-1mkjkyy2.html?q=teshome,2023-07-05,Nothing is Impossible: How to Attract Anything You Want with the Law of Attraction,Teshome Wasie,Paperback,7.53,"Success is no accident in this life! It requires efforts toward on our thinking. Whether you like it or not, what you put into this world, you will get out. There are many factors that determine success, wealth, happiness, love and health, but what if you could harness the energy of the universe for your life? If you want to attract those things in life like health, happiness, love, and wealth, you need to understand and apply “The Law of Attraction” effectively to attract what you want in your life.

Do you really know what exactly you want in life? If your answer is no then this book is definitely for you. This book will guide you on how we can determine what exactly what we want in life and a clearly defined road to the realization of our dreams. 

If you follow the advice here, and really put it into practice, you WILL get results. Period!

You can find the book in digital or hard copy formats.

Good Luck!",2019,English,9780244753788,Personal Growth,All Rights Reserved - Standard Copyright License,By (author): Teshome Wasie,84,Paperback,Black & White,A5 (5.83 x 8.27 in / 148 x 210 mm),,"['secret', 'law attraction', 'want', 'manifest', 'affirmation', 'key', 'empower', 'tools', 'techniques', 'rich', 'negative', 'power', 'positive']"
https://www.lulu.com//shop/teshome-wasie/secrets-to-empower-the-law-of-attraction-key-tools-and-techniques/ebook/product-14q2r2dd.html?q=teshome,2023-07-05,Secrets to Empower the Law of Attraction: Key Tools and Techniques,Teshome Wasie,Ebook,3.00,"Success is no accident in this life! It requires efforts toward on our thinking. This book is a guide containing SECRET tools and techniques not found in many books that are KEY to empowering you the law of Attraction. This long but revealing book will show you EXACTLY HOW to do it using more than 9 practice exercises and 15 Real Life success stories that changed the lives of many people.

This book contains many concepts, tools and techniques not found in many books but that are KEY to the law of attraction.

Therefore, If you follow the advice here, and really put it into practice, you WILL get results. Period!

You can find the book in digital or hard copy formats.

Good Luck!",2019,English,9780244753542,Personal Growth,All Rights Reserved - Standard Copyright License,By (author): Teshome Wasie,,,,,EPUB,"['secret', 'power', 'energy', 'attract', 'affirmation', 'mediation', 'law attraction', 'key', 'empower', 'tools', 'techniques', 'rich', 'negative', 'manifest', 'positive']"
https://www.lulu.com//shop/meskerem-w-teshome/melanie/ebook/product-1v4eyvqv.html?q=teshome,2023-07-05,Melanie,Meskerem W. Teshome,Ebook,8.99,"Melanie Miller never planned to lose her entire life at age seventeen. But when her parents die in a tragic accident, Melanie realizes her life is not hers to control anymore. 

Just days after the accident, Melanie is placed in a group home with strangers. While she struggles to accept the turn her life has suddenly taken, Melanie must grieve the loss of her parents while attempting to convince herself that life will go on, especially after her uncle rejects the idea of becoming her guardian. Now as Melanie’s journey leads her to a new family, she faces more emotional turmoil than she ever imagined as anger, sadness, and confusion bubble to the surface. As Melanie is forced to confront some harsh realizations, she must look within for the answers as her future—and her purpose—wait. 

Melanie shares the poignant tale of a teenager’s challenges after her parents are killed in a car accident and she is left to find her way in an uncertain world.",2016,English,9781483453798,Fiction,All Rights Reserved - Standard Copyright License,By (author): Meskerem W. Teshome,,,,,EPUB,"['Car accident', 'family', 'adjustment', 'friends', 'new beginning', 'social worker', 'new house', 'doubts', 'foster family', 'mixed families', 'troubled', 'driving']"
https://www.lulu.com//shop/fds-af-sdfas/fsdfsda-fdsa-fasfd-fas/ebook/product-1dyjek56.html?q=fdsa,2023-07-05,,fsdfsda fdsa fasfd fas,fds af sdfas,Ebook,12.50,No description supplied,2008,English,N/A,Business & Economics,All Rights Reserved - Standard Copyright License,By (author): fds af sdfas,,,,,PDF,[]
https://www.lulu.com//shop/james-johnson/test-title/ebook/product-1vk94ww9.html?q=fdsa,2023-07-05,,test title,James Johnson,Ebook,6.00,fdsa fdsa fdsa fdsafdfsad fdsaf fdsafdsaf fdsaf fdsafdsfsa fdsa fd,2010,English,N/A,Art & Photography,All Rights Reserved - Standard Copyright License,By (author): James Johnson,,,,,PDF,['fds']
https://www.lulu.com//shop/alexander-gurman/photography-documents/paperback/product-1mqrnpdv.html?q=fdsa,2023-07-05,,Photography documents,Alexander Gurman,Paperback,999.97,aljdflasjd la alsdjflasj sdjd djs jadlfjas s sdjadjf asjd sdj sdjsd sd sjdasljfs adljsdf  sjds al dj adlfja sdj sdjs ajdsa fj ajfa sjdf sadjf as afjf saldf sdajf asd fsajd fjsa dja sdj a f fas dfasd fsdf sadfj a fafjd asd ad fa dfas dfas dfasdf af as fas dfas dfas fas f asdfsmadflasjlajfl a falfd lsa lfa a dfj dsal fdsa  fas as dfajf adsj fad fal fja alf asdf a faj af as dfas fa s,2016,English,9781365325632,Art & Photography,All Rights Reserved - Standard Copyright License,By (author): Alexander Gurman,366,Paperback,Black & White,US Trade (6 x 9 in / 152 x 229 mm),,['termos']
